,input,label,prediction
0,,1,['1']
1,,1,['1']
2,,1,['1']
3,,1,['1']
4,,0,['1']
5,,1,['1']
6,,1,['1']
7,,1,['1']
8,,1,['1']
9,,1,['1']
10,,1,['1']
11,,1,['1']
12,,0,['1']
13,,0,['1']
14,,0,['1']
15,,1,['1']
16,,1,['1']
17,,1,['1']
18,,0,['1']
19,,0,['1']
20,,0,['1']
21,,1,['1']
22,,0,['1']
23,,0,['1']
24,,0,['1']
25,,0,['1']
26,,0,['1']
27,,1,['1']
28,,0,['1']
29,,0,['1']
30,,0,['1']
31,,1,['1']
32,,0,['1']
33,,0,['1']
34,,0,['1']
35,,1,['1']
36,,0,['1']
37,,0,['1']
38,,1,['1']
39,,0,['1']
40,,0,['1']
41,,0,['1']
42,,0,['1']
43,,1,['1']
44,,1,['1']
45,,0,['1']
46,,0,['1']
47,,0,['1']
48,,0,['1']
49,,1,['1']
50,,0,['1']
51,,0,['1']
52,,1,['1']
53,,0,['1']
54,,0,['1']
55,,0,['1']
56,,0,['1']
57,,0,['1']
58,,0,['1']
59,,0,['1']
60,,0,['1']
61,,0,['1']
62,,1,['1']
63,,0,['1']
64,,0,['1']
65,,0,['1']
66,,0,['1']
67,,1,['1']
68,,0,['1']
69,,0,['1']
70,,1,['1']
71,,1,['1']
72,,0,['1']
73,,0,['1']
74,,0,['1']
75,,0,['1']
76,,0,['1']
77,,0,['1']
78,,0,['1']
79,,0,['1']
80,,0,['1']
81,,0,['1']
82,,0,['1']
83,,1,['1']
84,,0,['1']
85,,0,['1']
86,,0,['1']
87,,1,['1']
88,,0,['1']
89,,1,['1']
90,,0,['1']
91,,0,['1']
92,,0,['1']
93,,0,['1']
94,,0,['1']
95,,0,['1']
96,,0,['1']
97,,1,['1']
98,,0,['1']
99,,0,['1']
100,,0,['1']
101,,1,['1']
102,,0,['1']
103,,1,['1']
104,,1,['1']
105,,0,['1']
106,,1,['1']
107,,0,['1']
108,,0,['1']
109,,1,['1']
110,,1,['1']
111,,0,['1']
112,,0,['1']
113,,1,['1']
114,,1,['1']
115,,1,['1']
116,,0,['1']
117,,0,['1']
118,,0,['1']
119,,1,['1']
120,,1,['1']
121,,0,['1']
122,,1,['1']
123,,1,['1']
124,,0,['1']
125,,0,['1']
126,,0,['1']
127,,0,['1']
128,,1,['1']
129,,0,['1']
130,,1,['1']
131,,0,['1']
132,,0,['1']
133,,0,['1']
134,,1,['1']
135,,0,['1']
136,,1,['1']
137,,0,['1']
138,,0,['1']
139,,1,['1']
140,,1,['1']
141,,0,['1']
142,,0,['1']
143,,1,['1']
144,,0,['1']
145,,0,['1']
146,,1,['1']
147,,1,['1']
148,,0,['1']
149,,1,['1']
150,,0,['1']
151,,1,['1']
152,,1,['1']
153,,0,['1']
154,,1,['1']
155,,0,['1']
156,,1,['1']
157,,0,['1']
158,,0,['1']
159,,1,['1']
160,,1,['1']
161,,0,['1']
162,,1,['1']
163,,0,['1']
164,,0,['1']
165,,1,['1']
166,,1,['1']
167,,1,['1']
168,,0,['1']
169,,0,['1']
170,,1,['1']
171,,1,['1']
172,,0,['1']
173,,0,['1']
174,,0,['1']
175,,0,['1']
176,,0,['1']
177,,1,['1']
178,,0,['1']
179,,1,['1']
180,,0,['1']
181,,0,['1']
182,,0,['1']
183,,0,['1']
184,,0,['1']
185,,0,['1']
186,,1,['1']
187,,1,['1']
188,,1,['1']
189,,0,['1']
190,,1,['1']
191,,0,['1']
192,,0,['1']
193,,0,['1']
194,,0,['1']
195,,1,['1']
196,,1,['1']
197,,0,['1']
198,,0,['1']
199,,0,['1']
200,,0,['1']
201,,1,['1']
202,,0,['1']
203,,1,['1']
204,,1,['1']
205,,1,['1']
206,,0,['1']
207,,0,['1']
208,,1,['1']
209,,0,['1']
210,,1,['1']
211,,1,['1']
212,,0,['1']
213,,1,['1']
214,,0,['1']
215,,1,['1']
216,,1,['1']
217,,0,['1']
218,,0,['1']
219,,0,['1']
220,,0,['1']
221,,0,['1']
222,,0,['1']
223,,1,['1']
224,,0,['1']
225,,0,['1']
226,,0,['1']
227,,0,['1']
228,,1,['1']
229,,0,['1']
230,,1,['1']
231,,1,['1']
232,,0,['1']
233,,0,['1']
234,,0,['1']
235,,0,['1']
236,,0,['1']
237,,1,['1']
238,,1,['1']
239,,1,['1']
240,,0,['1']
241,,0,['1']
242,,0,['1']
243,,0,['1']
244,,0,['1']
245,,0,['1']
246,,0,['1']
247,,0,['1']
248,,1,['1']
249,,0,['1']
250,,0,['1']
251,,0,['1']
252,,1,['1']
253,,1,['1']
254,,0,['1']
255,,1,['1']
256,,0,['1']
257,,1,['1']
258,,0,['1']
259,,0,['1']
260,,1,['1']
261,,1,['1']
262,,1,['1']
263,,0,['1']
264,,0,['1']
265,,1,['1']
266,,0,['1']
267,,1,['1']
268,,0,['1']
269,,0,['1']
270,,0,['1']
271,,0,['1']
272,,0,['1']
273,,0,['1']
274,,0,['1']
275,,0,['1']
276,,1,['1']
277,,0,['1']
278,,0,['1']
279,,0,['1']
280,,0,['1']
281,,0,['1']
282,,1,['1']
283,,0,['1']
284,,0,['1']
285,,0,['1']
286,,0,['1']
287,,1,['1']
288,,0,['1']
289,,1,['1']
290,,0,['1']
291,,0,['1']
292,,1,['1']
293,,0,['1']
294,,0,['1']
295,,0,['1']
296,,0,['1']
297,,1,['1']
298,,0,['1']
299,,1,['1']
300,,0,['1']
301,,0,['1']
302,,1,['1']
303,,0,['1']
304,,0,['1']
305,,0,['1']
306,,0,['1']
307,,0,['1']
308,,0,['1']
309,,1,['1']
310,,0,['1']
311,,1,['1']
312,,0,['1']
313,,0,['1']
314,,1,['1']
315,,1,['1']
316,,0,['1']
317,,0,['1']
318,,0,['1']
319,,1,['1']
320,,1,['1']
321,,1,['1']
322,,0,['1']
323,,0,['1']
324,,0,['1']
325,,0,['1']
326,,0,['1']
327,,0,['1']
328,,1,['1']
329,,0,['1']
330,,0,['1']
331,,0,['1']
332,,0,['1']
333,,0,['1']
334,,1,['1']
335,,0,['1']
336,,0,['1']
337,,0,['1']
338,,1,['1']
339,,0,['1']
340,,0,['1']
341,,1,['1']
342,,0,['1']
343,,1,['1']
344,,0,['1']
345,,0,['1']
346,,1,['1']
347,,0,['1']
348,,0,['1']
349,,0,['1']
350,,1,['1']
351,,0,['1']
352,,1,['1']
353,,0,['1']
354,,0,['1']
355,,0,['1']
356,,0,['1']
357,,1,['1']
358,,0,['1']
359,,0,['1']
360,,0,['1']
361,,1,['1']
362,,0,['1']
363,,1,['1']
364,,1,['1']
365,,0,['1']
366,,0,['1']
367,,0,['1']
368,,1,['1']
369,,1,['1']
370,,1,['1']
371,,0,['1']
372,,0,['1']
373,,0,['1']
374,,0,['1']
375,,0,['1']
376,,0,['1']
377,,0,['1']
378,,0,['1']
379,,0,['1']
380,,1,['1']
381,,1,['1']
382,,0,['1']
383,,1,['1']
384,,0,['1']
385,,0,['1']
386,,0,['1']
387,,0,['1']
388,,0,['1']
389,,0,['1']
390,,0,['1']
391,,1,['1']
392,,0,['1']
393,,1,['1']
394,,0,['1']
395,,0,['1']
396,,1,['1']
397,,0,['1']
398,,1,['1']
399,,0,['1']
400,,0,['1']
401,,0,['1']
402,,0,['1']
403,,0,['1']
404,,0,['1']
405,,1,['1']
406,,0,['1']
407,,0,['1']
408,,1,['1']
409,,0,['1']
410,,0,['1']
411,,1,['1']
412,,0,['1']
413,,1,['1']
414,,0,['1']
415,,0,['1']
416,,0,['1']
417,,1,['1']
418,,0,['1']
419,,0,['1']
420,,0,['1']
421,,0,['1']
422,,0,['1']
423,,0,['1']
424,,1,['1']
425,,0,['1']
426,,0,['1']
427,,1,['1']
428,,0,['1']
429,,0,['1']
430,,0,['1']
431,,0,['1']
432,,1,['1']
433,,0,['1']
434,,1,['1']
435,,1,['1']
436,,1,['1']
437,,0,['1']
438,,1,['1']
439,,1,['1']
440,,0,['1']
441,,1,['1']
442,,0,['1']
443,,0,['1']
444,,1,['1']
445,,0,['1']
446,,1,['1']
447,,1,['1']
448,,0,['1']
449,,1,['1']
450,,0,['1']
451,,0,['1']
452,,0,['1']
453,,1,['1']
454,,0,['1']
455,,0,['1']
456,,1,['1']
457,,0,['1']
458,,0,['1']
459,,1,['1']
460,,0,['1']
461,,0,['1']
462,,1,['1']
463,,0,['1']
464,,0,['1']
465,,1,['1']
466,,0,['1']
467,,1,['1']
468,,0,['1']
469,,0,['1']
470,,0,['1']
471,,0,['1']
472,,0,['1']
473,,0,['1']
474,,1,['1']
475,,0,['1']
476,,0,['1']
477,,1,['1']
478,,0,['1']
479,,1,['1']
480,,0,['1']
481,,0,['1']
482,,0,['1']
483,,0,['1']
484,,1,['1']
485,,0,['1']
486,,1,['1']
487,,0,['1']
488,,0,['1']
489,,0,['1']
490,,1,['1']
491,,1,['1']
492,,1,['1']
493,,0,['1']
494,,0,['1']
495,,0,['1']
496,,0,['1']
497,,0,['1']
498,,0,['1']
499,,0,['1']
500,,0,['1']
501,,1,['1']
502,,1,['1']
503,,1,['1']
504,,0,['1']
505,,0,['1']
506,,1,['1']
507,,1,['1']
508,,1,['1']
509,,0,['1']
510,,1,['1']
511,,0,['1']
512,,0,['1']
513,,0,['1']
514,,0,['1']
515,,0,['1']
516,,0,['1']
517,,0,['1']
518,,1,['1']
519,,0,['1']
520,,0,['1']
521,,0,['1']
522,,1,['1']
523,,0,['1']
524,,0,['1']
525,,0,['1']
526,,0,['1']
527,,1,['1']
528,,0,['1']
529,,1,['1']
530,,0,['1']
531,,0,['1']
532,,1,['1']
533,,0,['1']
534,,0,['1']
535,,0,['1']
536,,0,['1']
537,,0,['1']
538,,0,['1']
539,,0,['1']
540,,1,['1']
541,,0,['1']
542,,0,['1']
543,,0,['1']
544,,0,['1']
545,,0,['1']
546,,1,['1']
547,,1,['1']
548,,0,['1']
549,,0,['1']
550,,1,['1']
551,,0,['1']
552,,1,['1']
553,,0,['1']
554,,0,['1']
555,,0,['1']
556,,0,['1']
557,,0,['1']
558,,0,['1']
559,,0,['1']
560,,1,['1']
561,,0,['1']
562,,0,['1']
563,,1,['1']
564,,0,['1']
565,,1,['1']
566,,1,['1']
567,,1,['1']
568,,0,['1']
569,,0,['1']
570,,1,['1']
571,,1,['1']
572,,0,['1']
573,,0,['1']
574,,0,['1']
575,,0,['1']
576,,0,['1']
577,,0,['1']
578,,0,['1']
579,,0,['1']
580,,0,['1']
581,,0,['1']
582,,0,['1']
583,,0,['1']
584,,0,['1']
585,,0,['1']
586,,1,['1']
587,,0,['1']
588,,0,['1']
589,,0,['1']
590,,0,['1']
591,,0,['1']
592,,0,['1']
593,,1,['1']
594,,0,['1']
595,,1,['1']
596,,0,['1']
597,,0,['1']
598,,1,['1']
599,,0,['1']
600,,0,['1']
601,,0,['1']
602,,1,['1']
603,,0,['1']
604,,0,['1']
605,,0,['1']
606,,0,['1']
607,,0,['1']
608,,0,['1']
609,,0,['1']
610,,1,['1']
611,,0,['1']
612,,0,['1']
613,,0,['1']
614,,0,['1']
615,,1,['1']
616,,0,['1']
617,,0,['1']
618,,1,['1']
619,,0,['1']
620,,1,['1']
621,,0,['1']
622,,0,['1']
623,,0,['1']
624,,1,['1']
625,,0,['1']
626,,1,['1']
627,,0,['1']
628,,0,['1']
629,,0,['1']
630,,0,['1']
631,,0,['1']
632,,0,['1']
633,,0,['1']
634,,0,['1']
635,,1,['1']
636,,0,['1']
637,,1,['1']
638,,0,['1']
639,,0,['1']
640,,0,['1']
641,,0,['1']
642,,0,['1']
643,,1,['1']
644,,0,['1']
645,,0,['1']
646,,1,['1']
647,,1,['1']
648,,1,['1']
649,,1,['1']
650,,0,['1']
651,,0,['1']
652,,0,['1']
653,,1,['1']
654,,0,['1']
655,,0,['1']
656,,0,['1']
657,,0,['1']
658,,0,['1']
659,,0,['1']
660,,1,['1']
661,,0,['1']
662,,0,['1']
663,,0,['1']
664,,1,['1']
665,,0,['1']
666,,0,['1']
667,,0,['1']
668,,1,['1']
669,,0,['1']
670,,1,['1']
671,,1,['1']
672,,0,['1']
673,,1,['1']
674,,0,['1']
675,,1,['1']
676,,0,['1']
677,,1,['1']
678,,0,['1']
679,,0,['1']
680,,1,['1']
681,,1,['1']
682,,1,['1']
683,,0,['1']
684,,1,['1']
685,,1,['1']
686,,0,['1']
687,,0,['1']
688,,0,['1']
689,,0,['1']
690,,0,['1']
691,,1,['1']
692,,0,['1']
693,,1,['1']
694,,1,['1']
695,,1,['1']
696,,1,['1']
697,,1,['1']
698,,1,['1']
699,,1,['1']
700,,0,['1']
701,,0,['1']
702,,0,['1']
703,,1,['1']
704,,0,['1']
705,,0,['1']
706,,0,['1']
707,,0,['1']
708,,0,['1']
709,,1,['1']
710,,0,['1']
711,,0,['1']
712,,0,['1']
713,,1,['1']
714,,0,['1']
715,,0,['1']
716,,1,['1']
717,,1,['1']
718,,1,['1']
719,,0,['1']
720,,0,['1']
721,,0,['1']
722,,0,['1']
723,,0,['1']
724,,0,['1']
725,,0,['1']
726,,1,['1']
727,,0,['1']
728,,0,['1']
729,,0,['1']
730,,1,['1']
731,,0,['1']
732,,0,['1']
733,,0,['1']
734,,0,['1']
735,,0,['1']
736,,1,['1']
737,,0,['1']
738,,0,['1']
739,,0,['1']
740,,1,['1']
741,,0,['1']
742,,1,['1']
743,,1,['1']
744,,0,['1']
745,,0,['1']
746,,0,['1']
747,,1,['1']
748,,1,['1']
749,,0,['1']
750,,1,['1']
751,,0,['1']
752,,1,['1']
753,,0,['1']
754,,0,['1']
755,,1,['1']
756,,0,['1']
757,,1,['1']
758,,0,['1']
759,,0,['1']
760,,0,['1']
761,,1,['1']
762,,1,['1']
763,,0,['1']
764,,0,['1']
765,,0,['1']
766,,0,['1']
767,,1,['1']
768,,0,['1']
769,,0,['1']
770,,1,['1']
771,,0,['1']
772,,0,['1']
773,,1,['1']
774,,0,['1']
775,,0,['1']
776,,0,['1']
777,,0,['1']
778,,0,['1']
779,,0,['1']
780,,1,['1']
781,,1,['1']
782,,0,['1']
783,,0,['1']
784,,0,['1']
785,,1,['1']
786,,0,['1']
787,,1,['1']
788,,0,['1']
789,,0,['1']
790,,0,['1']
791,,1,['1']
792,,1,['1']
793,,0,['1']
794,,0,['1']
795,,0,['1']
796,,0,['1']
797,,0,['1']
798,,0,['1']
799,,1,['1']
